FIPS,Deaths
01001,7
01003,22
01005,5
01007,2
01009,4
01011,1
01013,3
01015,20
01017,2
01019,3
01021,6
01023,1
01025,3
01027,3
01029,4
01031,17
01033,8
01035,2
01037,1
01039,8
01041,1
01043,12
01045,6
01047,13
01049,6
01051,12
01053,7
01055,18
01057,2
01059,-1
01061,8
01063,2
01065,2
01067,1
01069,12
01071,7
01073,73
01075,4
01077,16
01079,3
01081,13
01083,8
01085,1
01087,3
01089,32
01091,3
01093,6
01095,13
01097,56
01099,1
01101,40
01103,11
80001,0
01105,2
01107,3
01109,2
01111,3
01113,4
01117,10
01115,15
01119,0
01121,13
01123,6
01125,14
90001,0
01127,8
01129,0
01131,3
01133,1
02013,0
02016,0
02020,12
02050,1
02060,0
02164,0
02063,0
02066,0
02068,0
02070,0
02090,7
02100,0
02110,0
02122,1
02130,0
02150,1
02158,0
02170,14
02180,0
02185,0
02188,0
02195,1
02198,3
02220,1
02230,0
02240,1
90002,0
02261,0
02275,0
02282,0
02290,0
04001,10
04003,13
04005,3
04007,5
04009,10
04011,0
04012,-2
04013,570
04015,72
04017,27
80004,0
04019,63
04021,51
04023,6
90004,0
04025,39
04027,19
05001,5
05003,3
05005,17
05007,23
05009,2
05011,1
05013,1
05015,6
05017,0
05019,-1
05021,2
05023,0
05025,3
05027,2
05029,4
05031,11
05033,6
05035,2
05037,3
05039,2
05041,-1
05043,5
05045,13
05047,1
05049,1
05051,14
05053,6
05055,5
05057,0
05059,9
05061,0
05063,6
05065,4
05067,0
05069,13
05071,1
05073,1
05075,0
05077,4
05079,1
05081,1
05083,1
05085,13
05087,4
05089,3
05091,0
05093,4
05095,2
05097,0
05099,2
05101,1
05103,4
05105,3
05107,8
05109,1
05111,5
05113,2
05115,6
05117,2
05119,54
05121,1
05125,18
05127,2
05129,0
05131,15
05133,0
05135,7
05123,4
05137,2
90005,0
05139,3
05141,3
05143,19
05145,15
05147,1
05149,1
06001,-5
06003,0
06005,2
06007,7
06009,7
06011,2
06013,32
06015,2
06017,6
06019,66
06021,3
06023,16
06025,22
06027,2
06029,71
06031,2
06033,23
06035,2
06037,772
06039,10
06041,11
06043,0
06045,3
06047,30
06049,2
06051,0
06053,146
06055,1
06057,2
06059,179
06061,19
06063,1
06065,142
06067,118
06069,0
06071,588
06073,92
06075,21
06077,118
06079,6
06081,137
06083,14
06085,111
06087,0
06089,15
06091,0
06093,20
06095,14
06097,11
06099,261
06101,17
06103,13
06105,0
06107,19
06109,3
90006,0
06111,39
06113,7
06115,6
08001,64
08003,8
08005,61
08007,1
08009,0
08011,1
08013,6
08014,2
08015,0
08017,0
08019,0
08021,15
08023,3
08025,2
08027,1
08029,9
08031,46
08033,1
08035,18
08037,1
08041,114
08039,2
08043,9
08045,14
08047,0
08049,0
08051,0
08053,0
08055,1
08057,0
08059,62
08061,0
08063,1
08067,3
08065,1
08069,15
08071,3
08073,0
08075,2
08077,56
08079,0
08081,5
08083,4
08085,14
08087,3
08089,2
08091,1
80008,0
08093,0
08095,0
08097,0
08099,1
08101,50
08103,1
08105,4
08107,1
08109,4
08111,0
08113,1
08115,1
08117,1
08119,4
90008,0
08121,1
08123,23
08125,0
09001,38
09003,48
09005,5
09007,12
09009,71
09011,10
09013,6
90009,1
09015,5
10001,48
10003,94
10005,62
90010,0
88888,0
11001,44
12001,10
12003,2
12005,8
12007,2
12009,53
12011,177
12013,2
12015,21
12017,19
12019,12
12021,23
12023,1
12027,4
12029,0
12031,92
12033,27
12035,3
12037,3
12039,5
12041,1
12043,0
12045,3
12047,0
12049,2
12051,5
12053,23
12055,15
12057,121
12059,0
12061,7
12063,2
12065,1
12067,0
12069,30
12071,50
12073,18
12075,3
12077,0
12079,0
12081,25
12083,41
12085,15
12086,297
12087,3
12089,3
12091,6
12093,1
12095,61
12097,29
12099,113
12101,59
12103,62
12105,77
12107,15
12113,6
12115,32
12117,28
12109,12
12111,31
12119,9
12121,2
12123,2
90012,2106
12125,2
12127,54
12129,1
12131,2
12133,1
13001,1
13003,4
13005,4
13007,2
13009,9
13011,6
13013,11
13015,19
13017,5
13019,4
13021,22
13023,1
13025,4
13027,3
13029,3
13031,9
13033,4
13035,7
13037,1
13039,8
13043,3
13045,9
13047,7
13049,3
13051,20
13053,2
13055,5
13057,22
13059,5
13061,0
13063,60
13065,1
13067,79
13069,10
13071,13
13073,10
13075,0
13077,19
13079,2
13081,12
13083,0
13085,6
13089,87
13087,5
13091,7
13093,-1
13095,9
13097,18
13099,-1
13101,0
13103,8
13105,2
13107,3
13109,4
13111,4
13113,10
13115,19
13117,17
13119,4
13121,124
13123,7
13125,0
13127,9
13129,6
13131,6
13133,-2
13135,73
13137,4
13139,36
13141,4
13143,9
13145,7
13147,4
13149,4
13151,17
13153,21
13155,3
13157,2
13159,2
13161,1
13163,3
13165,0
13167,1
13169,4
13171,3
13173,1
13175,6
13177,1
13179,5
13181,2
13183,3
13185,12
13187,13
13193,7
13195,0
13197,7
13189,4
13191,0
13199,8
13201,1
13205,3
13207,5
13209,0
13211,1
13213,6
13215,54
13217,28
13219,2
13221,2
80013,72
13223,26
13225,11
13227,0
13229,7
13231,4
13233,6
13235,4
13237,3
13239,1
13241,2
13243,0
13245,33
13247,10
13249,0
13251,2
13253,0
13255,18
13257,0
13259,0
13261,5
13263,0
13265,0
13267,5
13269,1
13271,3
13273,2
13275,5
13277,8
13279,8
13281,5
13283,7
13285,17
13287,3
13289,5
90013,-9
13291,11
13293,7
13295,4
13297,11
13299,8
13301,3
13303,4
13305,3
13307,0
13309,2
13311,4
13313,8
13315,1
13317,5
13319,-1
13321,1
99999,0
66,7
15001,5
15003,39
15007,0
15009,10
80015,0
90015,0
16001,31
16003,0
16005,8
16007,0
16009,1
16011,3
16013,1
16015,0
16017,4
16019,8
16021,2
16023,0
16025,0
16027,27
16029,0
16031,2
16033,0
16035,1
16037,0
16039,4
16041,1
16043,0
16045,5
16047,0
16049,0
16051,7
16053,2
16055,17
16057,2
16059,0
16061,2
16063,0
16065,1
16067,2
16069,5
16071,0
16073,3
16075,2
16077,0
16079,2
16081,0
16083,7
90016,0
16085,0
16087,1
17001,10
17003,0
17005,0
17007,9
17009,0
17011,5
17013,0
17015,1
17017,3
17019,15
17021,2
17023,2
17025,0
17027,3
17029,7
17031,606
17033,0
17035,1
17039,5
17037,3
17041,1
17043,55
17045,3
17047,0
17049,2
17051,1
17053,4
17055,9
17057,8
17059,0
17061,1
17063,8
17065,1
17067,1
17069,0
17071,0
17073,7
17075,4
17077,2
17079,0
17081,4
17083,3
17085,0
17087,2
17089,51
17091,18
17093,9
17095,19
17099,16
17097,53
17101,2
17103,2
17105,10
17107,9
17115,21
17117,9
17119,19
17121,3
17123,1
17125,5
17127,1
17109,6
17111,16
17113,20
17129,0
17131,1
17133,3
17135,1
17137,13
17139,2
17141,4
80017,0
17143,55
17145,3
17147,0
17149,2
17151,0
17153,0
17155,0
17157,3
17159,0
17161,24
17165,4
17167,14
17169,2
17171,0
17173,1
17163,18
17175,2
17177,5
17179,36
90017,94
17181,2
17183,23
17185,0
17187,4
17189,0
17191,1
17193,0
17195,8
17197,63
17199,11
17201,56
17203,10
18001,2
18003,25
18005,2
18007,1
18009,0
18011,4
18013,2
18015,2
18017,7
18019,8
18021,4
18023,2
18025,2
18027,1
18033,1
18029,2
18031,1
18035,13
18037,1
18039,35
18041,2
18043,7
18045,4
18047,0
18049,5
18051,6
18053,9
18055,0
18057,18
18059,11
18061,5
18063,11
18065,10
18067,23
18069,2
18071,5
18073,9
18075,3
18077,6
18079,1
18081,19
18083,1
18085,8
18087,2
18091,17
18089,72
18093,7
18095,9
18097,75
18099,7
18101,0
18103,8
18105,11
18107,4
18109,4
18111,2
18113,7
18115,0
18117,2
18119,3
18121,0
18123,2
18125,0
18127,23
18129,2
18131,3
18133,2
18135,3
18137,1
18139,3
18143,5
18145,2
18147,0
18141,19
18149,7
18151,4
18153,1
18155,0
18157,14
18159,3
90018,17
18161,0
18163,10
18165,1
18167,12
18169,6
18171,0
18173,2
18175,6
18177,3
18179,0
18181,0
18183,6
19001,0
19003,0
19005,1
19007,2
19009,4
19011,0
19013,13
19015,1
19017,3
19019,3
19021,0
19023,1
19025,0
19027,0
19029,1
19031,0
19033,10
19035,0
19037,2
19039,0
19041,2
19043,2
19045,2
19047,1
19049,2
19051,1
19053,0
19055,4
19057,10
19059,2
19061,8
19063,1
19065,2
19067,0
19069,2
19071,1
19073,1
19075,1
19077,3
19079,2
19081,0
19083,2
19085,0
19087,0
19089,0
19091,0
19093,1
19095,0
19097,1
19099,3
19101,0
19103,3
19105,0
19107,1
19109,2
19111,3
19113,9
19115,0
19117,0
19119,0
19121,0
19123,1
19125,3
19127,4
19129,3
19131,2
19133,1
19135,5
19137,1
19139,7
19141,1
19143,1
19145,1
19147,1
19149,3
19151,1
19153,29
19155,12
19157,3
19159,0
19161,1
19163,11
19165,1
19167,0
19169,0
19171,1
19173,0
90019,0
19175,3
19177,0
19179,2
19181,4
19183,1
19185,0
19187,5
19189,0
19191,4
19193,2
19195,0
19197,4
20001,2
20003,1
20005,2
20007,0
20009,4
20011,3
20013,1
20015,8
20017,0
20019,0
20021,5
20023,-1
20025,0
20027,1
20029,2
20031,0
20033,1
20035,2
20037,7
20039,0
20041,3
20043,1
20045,1
20047,0
20049,0
20051,1
20053,0
20055,2
20057,7
20059,3
20061,4
20063,1
20065,0
20067,1
20069,0
20071,0
20073,0
20075,0
20077,0
20079,4
20081,0
20083,1
20085,1
20087,5
20089,0
20091,30
20093,0
20095,0
20097,0
20099,3
20101,0
20103,6
20105,0
20107,1
20109,0
20111,3
20115,0
20117,5
20113,6
20119,1
20121,1
20123,0
20125,6
20127,1
20129,0
20131,0
20133,1
20135,0
20137,2
20139,2
20141,0
20143,0
80020,0
20145,1
20147,1
20149,4
20151,0
20153,0
20155,4
20157,0
20159,0
20161,6
20163,0
20165,0
20167,-1
20169,9
20171,2
20173,66
20175,1
20177,18
20179,1
20181,0
20183,0
20185,1
20187,0
20189,1
20191,2
20193,1
20195,0
90020,0
20197,2
20199,0
20201,0
20203,0
20205,4
20207,0
20209,14
21001,1
21003,6
21005,3
21007,2
21009,14
21011,3
21013,4
21015,29
21017,6
21019,4
21021,8
21023,1
21025,3
21027,3
21029,11
21031,4
21033,2
21035,-1
21037,10
21039,1
21041,2
21043,1
21045,4
21047,4
21049,3
21051,2
21053,0
21055,3
21057,2
21059,15
21061,4
21063,0
21065,1
21067,25
21069,3
21071,9
21073,14
21075,2
21077,5
21079,2
21081,4
21083,6
21085,4
21087,2
21089,5
21091,0
21093,18
21095,10
21097,5
21099,8
21101,8
21103,7
21105,6
21107,6
21109,0
21111,169
21113,11
21115,3
21117,38
21119,1
21121,11
21123,3
21125,12
21127,7
21129,0
21131,1
21133,4
21135,6
21137,11
21139,5
21141,10
21143,3
21151,4
21153,4
21155,1
21157,7
21159,0
21161,6
21145,15
21147,5
21149,2
21163,2
21165,1
21167,4
21169,5
21171,3
21173,0
21175,2
21177,9
21179,11
21181,1
21183,2
21185,3
21187,0
21189,2
21191,0
21193,1
21195,18
21197,1
21199,22
21201,0
21203,2
21205,2
21207,3
21209,4
21211,9
21213,8
21215,3
21217,7
21219,3
21221,1
21223,0
90021,0
21225,2
21227,23
21229,5
21231,4
21233,3
21235,7
21237,2
21239,3
22001,8
22003,3
22005,7
22007,1
22009,4
22011,4
22013,3
22015,16
22017,31
22019,39
22021,0
22023,1
22025,0
22027,1
22029,2
22031,2
22033,75
22035,3
22037,7
22039,8
22041,3
22043,3
22045,13
22047,4
22049,2
22051,41
22053,3
22059,2
22055,33
22057,6
22061,3
22063,20
22065,4
22067,7
22069,9
22071,22
22073,21
80022,0
22075,1
22077,2
22079,20
22081,0
22083,4
22085,4
22087,5
22089,6
22091,2
22093,2
22095,5
22097,16
22099,6
22101,13
22103,21
22105,36
22107,0
22109,13
90022,0
22111,8
22113,10
22115,7
22117,11
22119,4
22121,5
22123,1
22125,0
22127,4
23001,18
23003,8
23005,16
23007,2
23009,4
23011,14
23013,2
23015,1
80023,0
23017,8
23019,16
23021,1
23023,2
23025,5
90023,0
23027,2
23029,2
23031,9
24001,5
24003,74
24005,221
24510,231
24009,8
24011,5
24013,22
24015,29
24017,27
24019,14
24021,25
24023,3
24025,33
24027,26
24029,5
24031,112
24033,148
24035,7
24039,5
24037,9
24041,8
90024,-54
24043,61
24045,22
24047,8
25001,22
25003,8
25005,53
25009,61
25011,0
25013,46
25015,10
25017,73
25021,37
25023,44
25025,38
90025,-1
25027,73
26001,5
26003,1
26005,31
26007,6
26009,3
26011,0
26013,5
26015,7
26017,32
26019,4
26021,32
26023,3
26025,49
26027,4
26029,2
26031,6
26033,3
26035,12
26037,12
26039,1
26041,7
26043,0
26045,24
26047,2
26049,107
26051,11
26053,3
26055,12
26057,9
26059,10
26061,3
26063,9
26065,45
26067,3
26069,5
26071,2
26073,16
26075,34
26077,45
26079,8
26081,77
26083,0
26085,2
26087,30
26089,2
26091,21
26093,23
26095,3
26097,0
26099,251
26101,2
26103,6
26105,5
26107,7
26109,2
26111,18
26113,4
26115,29
26117,13
26119,1
26121,47
26123,12
26125,265
26127,6
26129,7
26131,1
26133,4
26135,7
26137,5
26139,46
80026,3
26141,3
26143,8
26145,65
26151,23
26153,0
26155,14
26147,65
26149,9
26157,11
90026,0
26159,19
26161,35
26163,560
26165,9
27001,1
27003,36
27005,8
27007,5
27009,1
27011,0
27013,3
27015,0
27017,6
27019,4
27021,5
27023,0
27025,4
27027,1
27029,1
27031,0
27033,3
27035,12
27037,39
27039,0
27041,7
27043,1
27045,1
27047,5
27049,2
27051,0
27053,96
27055,1
27057,0
27059,6
27061,15
27063,1
27065,4
27067,4
27069,0
27071,5
27073,0
27075,2
27077,1
27079,6
27081,0
27083,4
27087,1
27089,0
27091,2
27085,3
27093,6
27095,4
27097,2
27099,2
27101,1
27103,2
27105,2
27107,0
27109,7
27111,14
27113,1
27115,2
27117,0
27119,5
27121,0
27123,47
27125,0
27127,5
27129,3
27131,8
27133,0
27135,2
27139,16
27141,14
27143,0
27137,18
27145,7
27147,4
27149,1
27151,0
27153,2
27155,0
90027,0
27157,0
27159,2
27161,2
27163,18
27165,0
27167,1
27169,2
27171,18
27173,0
28001,6
28003,6
28005,2
28007,0
28009,0
28011,3
28013,0
28015,4
28017,3
28019,1
28021,1
28023,1
28025,0
28027,6
28029,3
28031,4
28033,27
28035,10
28037,0
28039,4
28041,1
28043,3
28045,2
28047,23
28049,30
28051,2
28053,1
28055,0
28057,3
28059,6
28061,0
28063,0
28065,2
28067,6
28069,1
28071,6
28073,4
28075,4
28077,3
28079,2
28081,8
28083,0
28085,6
28087,7
28089,12
28091,1
28093,3
28095,4
28097,2
28099,5
28101,3
28103,1
28105,0
28107,9
28109,8
28111,0
28113,8
28115,1
28117,4
28119,3
28121,13
28123,3
28125,1
28127,3
28129,1
28131,4
28133,4
28135,2
28137,4
28139,0
28141,3
28143,2
90028,0
28145,3
28147,3
28149,9
28151,6
28153,2
28155,0
28157,2
28159,3
28161,4
28163,7
29001,3
29003,2
29005,0
29007,1
29009,5
29011,4
29013,4
29015,3
29017,3
29019,9
29021,12
29023,10
29025,3
29027,4
29029,11
29031,8
29033,2
29035,1
29037,12
29039,0
29041,0
29043,16
29045,3
29047,13
29049,0
29051,11
29053,0
29055,5
29057,0
29059,7
29061,0
29063,2
29065,2
29067,3
29069,28
29071,7
29073,2
29075,0
29077,69
29079,2
29081,0
29083,2
29085,1
29087,1
29089,2
29091,7
29093,1
29095,84
29097,27
29099,15
29101,7
29103,1
29105,21
29107,2
29109,10
29111,8
29113,12
29115,7
29117,8
29121,4
29123,0
29125,0
29127,9
29119,4
29129,0
29131,8
29133,0
29135,2
29137,0
29139,3
29141,2
29143,5
29145,12
29147,2
29149,3
29151,1
29153,4
29155,9
29157,0
29159,1
29161,11
29163,4
29165,6
29167,7
29169,6
29171,0
29173,1
29175,1
29177,8
29179,0
29181,2
29195,2
29197,1
29199,1
29201,4
29203,0
29205,0
29183,26
29185,0
29187,3
29189,123
29510,60
29186,1
29207,8
29209,11
29211,0
29213,14
29215,4
90029,0
29217,6
29219,7
29221,4
29223,3
29225,11
29227,0
29229,4
30001,3
30003,1
30005,1
30007,1
30009,3
30011,0
30013,21
30015,1
30017,0
30019,0
30021,2
30023,1
30025,0
30027,0
30029,17
30031,1
30033,0
30035,2
30037,0
30039,0
30041,2
30043,0
30045,0
30047,2
30049,5
30051,0
30053,2
30057,0
30055,1
30059,0
30061,5
30063,7
30065,3
30067,2
30069,0
30071,0
30073,-1
30075,2
30077,1
30079,0
30081,19
30083,1
30085,1
30087,2
30089,0
30091,0
30093,1
30095,1
30097,0
30099,1
30101,0
30103,0
90030,0
30105,0
30107,0
30109,0
30111,19
31001,3
31003,1
31005,0
31007,0
31009,0
31011,0
31013,-1
31015,0
31017,0
31019,-1
31021,0
31023,0
31025,0
31027,0
31029,0
31031,0
31033,-2
31035,0
31037,0
31039,4
31041,1
31043,2
31045,-6
31047,0
31049,-1
31051,0
31053,2
31055,50
31057,0
31059,-2
31061,0
31063,0
31065,0
31067,0
31069,0
31071,-2
31073,0
31075,0
31077,-1
31079,0
31081,0
31083,0
31085,0
31087,0
31089,0
31091,0
31093,-7
31095,0
31097,0
31099,0
31101,0
31103,0
31105,-6
31107,0
31109,2
31111,6
31113,0
31115,0
31119,2
31117,0
31121,0
31123,-8
31125,0
31127,0
31129,0
31131,1
31133,0
31135,0
31137,0
31139,0
31141,2
31143,0
31145,0
31147,0
31149,0
31151,-1
31153,2
31155,0
31157,-44
31159,1
31161,-9
31163,0
31165,0
31167,2
31169,0
31171,0
31173,-1
90031,43
31175,-1
31177,1
31179,0
31181,1
31183,0
31185,2
32510,2
32001,0
32003,405
32005,2
32007,4
32009,0
32011,0
32013,1
32015,0
32017,0
32019,4
32021,1
32023,5
32027,0
32029,0
90032,0
32031,22
32033,2
33001,3
33003,4
33005,2
33007,4
33009,3
33011,26
33013,4
33015,21
33017,18
33019,2
90033,-4
34001,34
34003,72
34005,53
34007,76
34009,8
34011,21
34013,137
34015,40
34017,95
34019,5
34021,31
34023,74
34025,69
34027,30
34029,67
34031,86
34033,12
34035,19
34037,13
90034,0
34039,59
34041,6
35001,51
35003,1
35005,2
35006,18
35007,0
35009,10
35011,1
35013,50
35015,14
35017,5
35019,5
35021,1
35023,0
35025,41
35027,1
35028,1
35029,7
35031,16
35033,2
35035,11
35037,3
35039,6
35041,4
35045,35
35047,0
35043,16
35049,8
35051,3
35053,5
35055,5
35057,3
90035,0
35059,1
35061,17
36001,11
36003,3
36005,130
36007,14
36009,9
36011,0
36013,9
36015,4
36017,2
36019,0
36021,4
36023,4
36025,2
36027,6
36029,65
36031,0
36033,0
36035,3
36037,3
36039,5
36041,0
36043,3
36045,3
36047,354
36049,2
36051,2
36053,1
36055,71
36057,8
36059,40
36061,136
36063,35
36065,19
36067,14
36069,1
36071,42
36073,0
36075,3
36077,0
80036,27
36079,2
36081,285
36083,7
36085,77
36087,11
36091,4
36093,12
36095,3
36097,0
36099,1
36089,1
36101,4
36103,64
36105,5
36107,2
36109,2
36111,9
90036,-51
36113,5
36115,0
36117,6
36119,39
36121,2
36123,0
37001,24
37003,2
37005,0
37007,2
37009,4
37011,1
37013,8
37015,2
37017,15
37019,7
37021,15
37023,11
37025,15
37027,7
37029,1
37031,6
37033,3
37035,14
37037,2
37039,19
37041,15
37043,0
37045,6
37047,7
37049,6
37051,31
37053,0
37055,0
37057,20
37059,6
37061,10
37063,21
37065,4
37067,58
37069,6
37071,26
37073,0
37075,1
37077,3
37079,4
37081,38
37083,7
37085,14
37087,4
37089,7
37091,1
37093,1
37095,1
37097,31
37099,1
37101,31
37103,10
37105,7
37107,16
37109,1
37113,5
37115,2
37117,7
37111,0
37119,51
37121,0
37123,4
37125,9
37127,21
37129,14
37131,3
37133,17
37135,0
37137,0
37139,7
37141,0
37143,1
37145,6
37147,10
37149,2
37151,10
37153,8
37155,52
37157,66
37159,16
37161,16
37163,6
37165,5
37167,7
37169,1
37171,15
37173,0
37175,1
37177,0
90037,0
37179,13
37181,4
37183,23
37185,0
37187,1
37189,2
37191,2
37193,6
37195,10
37197,9
37199,0
38001,0
38003,1
38005,2
38007,0
38009,0
38011,0
38013,2
38015,6
38017,8
38019,0
38021,0
38023,0
38025,0
38027,0
38029,0
38031,0
38033,0
38035,2
38037,0
38039,0
38041,0
38043,0
38045,0
38047,2
38049,1
38051,0
38053,3
38055,1
38057,1
38059,2
38061,1
38063,0
38065,0
38067,0
38069,0
38071,0
38073,0
38075,0
38077,0
38079,0
38081,0
38083,0
38085,0
38087,0
38089,1
38091,0
38093,1
38095,0
38097,0
90038,0
38099,2
38101,7
38103,0
38105,2
69,0
39001,3
39003,11
39005,7
39007,9
39009,1
39011,2
39013,8
39015,6
39017,20
39019,1
39021,2
39023,8
39025,14
39027,5
39029,8
39031,5
39033,2
39035,98
39037,4
39039,1
39041,5
39043,9
39045,9
39047,0
39049,80
39051,4
39053,1
39055,4
39057,9
39059,2
39061,39
39063,8
39065,0
39067,1
39069,0
39071,5
39073,1
39075,2
39077,1
39079,2
39081,7
39083,2
39085,25
39087,5
39089,15
39091,2
39093,20
39095,32
39097,4
39099,20
39101,2
39103,11
39105,0
39107,0
39109,9
39111,3
39113,40
39115,2
39117,5
39119,4
39121,1
39123,1
39125,1
39127,0
39129,2
39131,3
39133,9
39135,5
39137,2
39139,11
39141,8
39143,7
39145,8
39147,7
39149,5
39151,28
39153,54
39155,20
39157,12
90039,1
39159,1
39161,2
39163,1
39165,12
39167,1
39169,13
39171,1
39173,8
39175,1
40001,4
40003,0
40005,3
40007,0
40009,4
40011,2
40013,9
40015,9
40017,23
40019,24
40021,5
40023,6
40025,1
40027,45
40029,0
40031,18
40033,0
40035,0
40037,14
40039,6
40041,10
40043,0
40045,1
40047,11
40049,2
40051,9
40053,0
40055,1
40057,2
40059,2
40061,1
40063,1
40065,0
40067,5
40069,2
40071,2
40073,4
40075,3
40077,0
40079,4
40081,3
40083,9
40085,3
40093,3
40095,0
40097,7
40087,4
40089,7
40091,4
40099,6
40101,15
40103,1
40105,2
40107,2
40109,129
40111,8
40113,11
40115,11
80040,0
40117,5
40119,5
40121,11
40123,8
40125,7
40127,2
40129,0
40131,23
40133,9
40135,7
40137,6
40139,3
40141,0
40143,124
90040,0
40145,11
40147,11
40149,2
40151,1
40153,4
41001,3
41003,3
41005,34
41007,2
41009,6
41011,7
41013,4
41015,3
41017,14
41019,19
41021,0
41023,3
41025,3
41027,4
41029,25
41031,10
41033,8
41035,20
41037,1
41039,30
41041,2
41043,16
41045,6
41047,33
41049,2
41051,44
41053,5
41055,1
41057,2
41059,10
90041,0
41061,1
41063,1
41065,3
41067,29
41069,0
41071,6
42001,19
42003,128
42005,17
42007,17
42009,8
42011,49
42013,21
42015,8
42017,84
42019,17
42021,23
42023,2
42025,9
42027,8
42029,37
42031,5
42033,18
42035,6
42037,3
42039,10
42041,18
42043,24
42045,86
42047,3
42049,15
42051,28
42053,0
42055,17
42057,2
42059,3
42061,8
42063,8
42065,4
42067,6
42069,27
42071,61
42073,13
42075,14
42077,32
42079,36
42081,22
42083,8
42085,13
42087,7
42089,21
42091,80
42093,4
42095,26
42097,18
42099,2
42101,319
42103,0
42105,2
42107,20
42109,3
42111,18
42113,1
42115,3
42117,8
90042,0
42119,3
42121,9
42123,5
42125,20
42127,7
42129,36
42131,7
42133,55
72001,0
72003,0
72005,0
72007,0
72009,0
72011,0
72013,0
72015,0
72017,0
72019,0
72021,0
72023,0
72025,0
72027,0
72029,0
72031,0
72033,0
72035,0
72037,0
72039,0
72041,0
72043,0
72045,0
72047,0
72049,0
72051,0
72053,0
72054,0
72055,0
72057,0
72059,0
72061,0
72063,0
72065,0
72067,0
72069,0
72071,0
72073,0
72075,0
72077,0
72079,0
72081,0
72083,0
72085,0
72087,0
72089,0
72091,0
72093,0
72095,0
72097,0
72099,0
72101,0
72103,0
72105,0
72107,0
72888,0
72109,0
72111,0
72113,0
72115,0
72117,0
72119,0
72121,0
72123,0
72125,0
72127,0
72129,0
72131,0
72133,0
72135,0
72137,0
72139,0
72999,265
72141,0
72143,0
72145,0
72147,0
72149,0
72151,0
72153,0
44001,5
44003,8
44005,2
44007,59
90044,-9
44009,4
45001,0
45003,5
45005,0
45007,19
45009,2
45011,2
45013,7
45015,16
45017,1
45019,17
45021,7
45023,4
45025,5
45027,2
45029,8
45031,11
45033,1
45035,11
45037,1
45039,4
45041,13
45043,4
45045,50
45047,2
45049,0
45051,27
45053,4
45055,5
45057,9
45059,2
45061,6
45063,2
45067,2
45069,8
45065,0
45071,7
45073,9
45075,12
45077,12
45079,36
45081,-1
45083,30
45085,9
90045,0
45087,-2
45089,7
45091,22
46003,0
46005,0
46007,0
46009,2
46011,0
46013,4
46015,1
46017,1
46019,1
46021,0
46023,0
46025,0
46027,0
46029,2
46031,0
46033,1
46035,2
46037,1
46039,0
46041,2
46043,0
46045,1
46047,1
46049,0
46051,0
46053,0
46055,0
46057,0
46059,0
46061,0
46063,0
46065,3
46067,2
46069,0
46071,1
46073,0
46075,0
46077,2
46079,2
46081,1
46083,1
46085,0
46091,0
46087,0
46089,0
46093,1
46095,0
46097,1
46099,13
46101,3
46102,0
46103,16
46105,0
46107,0
46109,4
46111,0
46115,0
46117,0
46119,0
46121,4
46123,0
46125,2
90046,0
46127,0
46129,-1
46135,4
46137,0
47001,7
47003,5
47005,1
47007,1
47009,10
47011,7
47013,-1
47015,1
47017,1
47019,7
47021,1
47023,0
47025,2
47027,-1
47029,3
47031,1
47033,2
47035,15
47037,30
47041,3
47039,0
47043,5
47045,3
47047,7
47049,2
47051,2
47053,7
47055,-1
47057,0
47059,7
47061,1
47063,3
47065,24
47067,1
47069,0
47071,3
47073,8
47075,1
47077,3
47079,1
47081,1
47083,1
47085,8
47087,2
47089,1
47091,1
47093,23
47095,5
47097,5
47099,12
47101,0
47103,3
47105,2
47111,0
47113,5
47115,3
47117,6
47119,7
47107,7
47109,3
47121,-1
47123,3
47125,11
47127,0
47129,-1
47131,2
80047,-4
47133,1
47135,1
47137,0
47139,0
47141,9
47143,7
47145,6
47147,12
47149,24
47151,3
47153,1
47155,4
47157,126
47159,1
47161,0
47163,24
47165,14
47167,5
47169,-1
90047,-39
47171,1
47173,0
47175,0
47177,4
47179,9
47181,1
47183,5
47185,5
47187,3
47189,24
48001,13
48003,0
48005,10
48007,4
48009,0
48011,1
48013,2
48015,4
48017,0
48019,5
48021,15
48023,1
48025,3
48027,46
48029,194
48031,1
48033,0
48035,5
48037,15
48039,57
48041,16
48043,1
48045,2
48047,1
48049,5
48051,2
48053,9
48055,4
48057,2
48059,2
48061,101
48063,3
48065,0
48067,4
48069,0
48071,5
48073,9
48075,0
48077,1
48079,0
48081,1
48083,3
48085,43
48087,0
48089,3
48091,23
48093,1
48095,0
48097,0
48099,4
48101,0
48103,0
48105,0
48107,0
48109,0
48111,2
48113,218
48115,1
48123,2
48117,2
48119,3
48121,42
48125,0
48127,5
48129,0
48131,1
48133,2
48135,14
48137,0
48141,101
48139,15
48143,2
48145,1
48147,1
48149,8
48151,0
48153,0
48155,0
48157,80
48159,0
48161,2
48163,3
48165,3
48167,49
48169,0
48171,3
48173,0
48175,3
48177,2
48179,2
48181,8
48183,12
48185,5
48187,14
48189,2
48191,0
48193,3
48195,-1
48197,0
48199,7
48201,505
48203,5
48205,0
48207,1
48209,30
48211,1
48213,14
48215,120
48217,3
48219,3
48221,10
48223,5
48225,7
48227,2
48229,1
48231,13
48233,1
48235,0
48237,0
48239,0
48241,7
48243,1
48245,27
48247,1
48249,7
48251,18
48253,1
48255,0
48257,13
48259,2
48261,0
48263,0
48265,7
48267,1
48269,0
48271,0
48273,2
48275,1
48283,2
48277,4
48279,1
48281,4
48285,0
48287,1
48289,0
48291,24
48293,5
48295,0
48297,0
48299,3
48301,0
48303,17
48305,1
48313,2
48315,0
48317,1
48319,0
48321,6
48323,9
48307,2
48309,21
48311,0
48325,5
48327,0
48329,9
48331,5
48333,0
48335,1
48337,2
48339,53
48341,2
48343,3
48345,0
48347,8
48349,7
48351,3
48353,2
48355,90
48357,0
48359,0
48361,10
48363,3
48365,3
48367,16
48369,-1
48371,1
48373,11
48375,20
48377,1
48379,4
48381,16
48383,0
48385,1
48387,1
48389,2
48391,2
48393,0
48395,8
48397,6
48399,2
48401,5
48403,0
48405,0
48407,3
48409,6
48411,0
48413,0
48415,0
48417,0
48419,6
48421,0
48423,27
48425,0
48427,9
48429,0
48431,0
48433,0
48435,0
48437,1
48439,223
48441,10
48443,0
48445,1
48447,0
48449,1
48451,6
48453,55
48455,6
48457,6
90048,0
48459,4
48461,0
48463,1
48465,3
48467,10
48469,25
48471,9
48473,6
48475,0
48477,5
48479,24
48481,7
48483,1
48485,11
48487,1
48489,5
48491,31
48493,4
48495,0
48497,7
48499,4
48501,2
48503,1
48505,0
48507,2
49011,25
49035,93
49037,0
49043,3
49045,8
90049,0
49049,35
49051,1
50001,0
50003,3
50005,1
50007,6
50009,0
50011,0
50013,0
50015,0
50017,0
50019,1
50021,0
90050,0
50023,0
50025,1
50027,1
78,10
51001,5
51003,2
51510,8
51005,2
51007,5
51009,5
51011,2
51013,6
51015,10
51017,1
51019,11
51021,0
51023,2
51520,3
51025,4
51027,8
51029,1
51530,3
51031,19
51033,5
51035,10
51036,1
51037,3
51540,3
51550,23
51041,35
51043,2
51570,-1
51580,1
51045,1
51047,8
51049,1
51590,10
51051,4
51053,4
51595,0
51057,2
51059,52
51600,0
51610,-1
51061,7
51063,1
51065,4
51067,9
51620,1
51069,4
51630,2
51640,2
51071,3
51073,4
51075,1
51077,6
51079,5
51081,2
51083,1
51650,12
51085,14
51660,-1
51087,40
51089,3
51091,0
51670,9
51093,4
51095,0
51099,1
51101,4
51097,-1
51103,2
51105,2
51678,1
51107,9
51109,2
51111,2
51680,2
51113,-1
51683,1
51685,-1
51690,3
51115,2
51117,3
51119,2
51121,-10
51125,1
51127,3
51700,18
51710,22
51131,1
51133,0
51720,0
51135,4
51137,0
51139,4
51141,3
51730,5
51143,7
51735,2
51740,17
51145,1
51147,2
51149,6
51153,32
51155,8
51750,10
51157,0
51159,-3
51760,24
51161,10
51770,10
51163,2
51165,8
51167,2
51775,3
51169,9
51171,4
51173,5
51175,1
51177,11
51179,8
51790,0
51800,8
51181,0
51183,2
51185,10
90051,0
51810,35
51187,6
51191,9
51820,1
51193,3
51830,2
51840,4
51195,9
51197,3
51199,7
53001,2
53003,2
53005,18
53007,7
53009,8
53011,40
53013,1
53015,16
53017,1
53019,4
53021,13
53023,1
53025,21
53027,20
53029,1
53031,1
53033,164
53035,18
53037,4
53039,4
53041,19
53043,4
53045,9
53047,4
53049,5
53051,2
53053,20
53055,0
53057,12
53059,0
53061,54
53063,71
53065,4
53067,28
90053,0
53069,3
53071,8
53073,18
53075,4
53077,12
54001,8
54003,16
54005,3
54007,1
54009,2
54011,9
54013,1
54015,2
54017,0
54019,8
54021,2
54023,2
54025,3
54027,3
54029,2
54031,0
54033,8
54035,3
54037,12
54039,32
54041,2
54043,4
54045,5
54049,10
54051,3
54053,2
54047,6
54055,13
54057,8
54059,5
54061,10
54063,1
54065,3
54067,6
54069,6
54071,2
54073,1
54075,2
54077,1
54079,3
54081,19
54083,5
54085,0
54087,1
54089,1
54091,2
54093,0
54095,4
90054,0
54097,1
54099,4
54101,2
54103,3
54105,1
54107,12
54109,2
55001,4
55003,0
55005,3
55007,2
55009,27
55011,0
55013,5
55015,4
55017,2
55019,4
55021,4
55023,2
55025,15
55027,17
55029,9
55031,15
55033,3
55035,2
55037,1
55039,25
55041,1
55043,5
55045,2
55047,3
55049,3
55051,2
55053,1
55055,4
55057,4
55059,18
55061,2
55063,11
55065,1
55067,5
55069,6
55071,8
55073,9
55075,6
55077,1
55078,0
55079,98
55081,12
55083,13
55085,5
55087,31
55089,19
55091,0
55093,2
55095,14
55097,3
55099,1
55101,32
55103,2
55105,21
55107,7
55111,5
55113,3
55115,2
55117,21
55109,15
55119,8
55121,4
90055,0
55123,1
55125,3
55127,10
55129,4
55131,40
55133,74
55135,5
55137,1
55139,13
55141,16
56001,7
56003,4
56005,3
56007,1
56009,3
56011,1
56013,3
56015,0
56017,0
56019,2
56021,17
56023,2
56025,5
56027,1
56029,4
56031,3
56033,0
56035,1
56037,7
56039,2
56041,2
90056,0
56043,0
56045,1
