FIPS,Confirmed
01001,3619
01003,17138
01005,1397
01007,1749
01009,4113
01011,295
01013,1285
01015,8151
01017,2241
01019,1346
01021,2807
01023,332
01025,1346
01027,979
01029,1063
01031,3942
01033,3062
01035,831
01037,787
01039,2838
01041,1093
01043,6457
01045,4217
01047,1761
01049,4179
01051,5899
01053,3031
01055,6241
01057,1181
01059,2104
01061,2174
01063,380
01065,967
01067,1323
01069,7240
01071,3380
01073,40011
01075,1110
01077,5605
01079,1837
01081,9798
01083,6226
01085,399
01087,864
01089,18795
01091,938
01093,2324
01095,6632
01097,33474
01099,1617
01101,10243
01103,8219
80001,0
01105,343
01107,1005
01109,2034
01111,1557
01113,2710
01117,15010
01115,7329
01119,352
01121,6036
01123,3279
01125,10430
90001,0
01127,4864
01129,903
01131,513
01133,2047
02013,85
02016,254
02020,31151
02050,2900
02060,0
02164,349
02063,825
02066,438
02068,191
02070,723
02090,9513
02100,209
02110,2796
02122,7431
02130,1638
02150,1587
02158,958
02170,12909
02180,1844
02185,1819
02188,1647
02195,352
02198,492
02220,888
02230,69
02240,712
90002,249
02261,0
02275,170
02282,208
02290,441
60,10
04001,3973
04003,6149
04005,7621
04007,4195
04009,2952
04011,798
04012,935
04013,262797
04015,13347
04017,8330
80004,0
04019,44382
04021,29311
04023,1939
90004,0
04025,13826
04027,5654
05001,1444
05003,1229
05005,2987
05007,15111
05009,2662
05011,637
05013,194
05015,1609
05017,423
05019,1268
05021,1054
05023,2000
05025,491
05027,1073
05029,1044
05031,8842
05033,3991
05035,2966
05037,1097
05039,387
05041,586
05043,954
05045,7851
05047,1121
05049,763
05051,6054
05053,1268
05055,4306
05057,1022
05059,2691
05061,889
05063,3128
05065,1029
05067,1336
05069,3611
05071,1780
05073,317
05075,1371
05077,525
05079,497
05081,889
05083,1502
05085,5100
05087,1180
05089,1232
05091,2372
05093,2828
05095,336
05097,406
05099,591
05101,500
05103,1158
05105,747
05107,1429
05109,744
05111,1943
05113,1024
05115,4267
05117,396
05119,21222
05121,1354
05125,7072
05127,826
05129,634
05131,8008
05133,1295
05135,1557
05123,1298
05137,937
90005,2765
05139,1957
05141,994
05143,14911
05145,5942
05147,496
05149,1350
06001,36533
06003,20
06005,2101
06007,11868
06009,2312
06011,1046
06013,34876
06015,2471
06017,7688
06019,47104
06021,1655
06023,6342
06025,7677
06027,1163
06029,49064
06031,11244
06033,3591
06035,2275
06037,293627
06039,9052
06041,4375
06043,1159
06045,4751
06047,13427
06049,295
06051,621
06053,7123
06055,3592
06057,5235
06059,64204
80006,0
06061,18554
06063,1248
06065,86496
06067,63678
06069,1685
06071,74968
06073,116055
06075,18839
06077,32775
06079,9902
06081,13557
06083,12041
06085,33344
06087,5413
06089,12738
06091,151
06093,2779
06095,15117
06097,13071
06099,29650
06101,5163
06103,4765
06105,613
06107,28371
06109,3679
90006,272
06111,20814
06113,7561
06115,4778
08001,28002
08003,1457
08005,31252
08007,964
08009,275
08011,365
08013,11683
08014,2914
08015,1065
08017,109
08019,457
08021,619
08023,217
08025,292
08027,276
08029,1895
08031,31334
08033,178
08035,17754
08037,3032
08041,50285
08039,1345
08043,3887
08045,2969
08047,301
08049,845
08051,662
08053,46
08055,448
08057,65
08059,27686
08061,172
08063,525
08067,3090
08065,358
08069,19477
08071,1091
08073,354
08075,1136
08077,13430
08079,60
08081,1417
08083,2013
08085,3217
08087,1356
08089,1224
08091,231
80008,0
08093,963
08095,206
08097,731
08099,710
08101,11535
08103,641
08105,1034
08107,1646
08109,429
08111,56
08113,398
08115,139
08117,1700
08119,1647
90008,37
08121,300
08123,22139
08125,492
09001,18101
09003,21409
09005,4201
09007,3199
09009,20688
09011,7875
09013,2680
90009,261
09015,4045
10001,10758
10003,25299
10005,12308
90010,204
88888,0
11001,19215
12001,15705
12003,2542
12005,12750
12007,2363
12009,41284
12011,126919
12013,1327
12015,11025
12017,9761
12019,15619
12021,23368
12023,6932
12027,2680
12029,1365
12031,69653
12033,21770
12035,7440
12037,953
12039,3072
12041,1580
12043,510
12045,1049
12047,1152
12049,2997
12051,3337
12053,15069
12055,7714
12057,110728
12059,1649
12061,9947
12063,4051
12065,1038
12067,608
12069,26527
12071,58851
12073,20367
12075,3674
12077,764
12079,1623
12081,28100
12083,26626
12085,8388
12086,201610
12087,4288
12089,7327
12091,14559
12093,3490
12095,95838
12097,29210
12099,86858
12101,39495
12103,58771
12105,62503
12107,6433
12113,14747
12115,25060
12117,29660
12109,19135
12111,22198
12119,5601
12121,3975
12123,1890
90012,-493
12125,1263
12127,35020
12129,3059
12131,5220
12133,1864
13001,1235
13003,568
13005,1003
13007,143
13009,2271
13011,996
13013,5143
13015,6313
13017,1160
13019,1682
13021,10270
13023,887
13025,1530
13027,1053
13029,2731
13031,4467
13033,1192
13035,1662
13037,260
13039,4127
13043,625
13045,5351
13047,3535
13049,901
13051,16046
13053,2179
13055,1861
13057,13774
13059,5388
13061,75
13063,13757
13065,528
13067,34290
13069,2661
13071,2903
13073,8489
13075,1813
13077,7249
13079,485
13081,1099
13083,799
13085,1722
13089,28558
13087,1879
13091,1529
13093,593
13095,5038
13097,7628
13099,715
13101,261
13103,4380
13105,1096
13107,1918
13109,692
13111,1490
13113,4617
13115,6787
13117,12701
13119,1335
13121,38322
13123,1891
13125,150
13127,7344
13129,3357
13131,1540
13133,939
13135,35512
13137,2511
13139,11990
13141,223
13143,1218
13145,1312
13147,1214
13149,619
13151,13874
13153,11073
13155,537
13157,5217
13159,784
13161,1090
13163,767
13165,339
13167,448
13169,1549
13171,1455
13173,708
13175,3662
13177,2071
13179,3656
13181,406
13183,930
13185,8913
13187,1950
13193,478
13195,1819
13197,424
13189,1105
13191,854
13199,1030
13201,385
13205,1315
13207,1665
13209,645
13211,1192
13213,2784
13215,8366
13217,5676
13219,1865
13221,777
80013,12381
13223,9034
13225,1574
13227,2305
13229,1865
13231,1615
13233,3029
13235,607
13237,1108
13239,90
13241,933
13243,388
13245,11159
13247,4116
13249,357
13251,831
13253,578
13255,4350
13257,1755
13259,688
13261,1768
13263,269
13265,45
13267,1542
13269,496
13271,983
13273,438
13275,3372
13277,3516
13279,2105
13281,577
13283,407
13285,3488
13287,722
13289,393
90013,644
13291,1383
13293,2015
13295,4226
13297,4782
13299,2579
13301,249
13303,1216
13305,2272
13307,128
13309,353
13311,1736
13313,6224
13315,461
13317,509
13319,597
13321,1320
99999,0
66,11224
15001,8949
15003,34038
15007,2851
15009,6040
80015,1816
90015,0
16001,33793
16003,213
16005,5513
16007,347
16009,833
16011,2399
16013,821
16015,464
16017,3235
16019,6742
16021,841
16023,177
16025,37
16027,16959
16029,365
16031,1040
16033,30
16035,636
16037,156
16039,2389
16041,566
16043,502
16045,1141
16047,1055
16049,1106
16051,1457
16053,1791
16055,13100
16057,1625
16059,430
16061,440
16063,242
16065,1928
16067,914
16069,2790
16071,231
16073,644
16075,1707
16077,454
16079,1032
16081,515
16083,7095
90016,2
16085,733
16087,699
17001,6074
17003,338
17005,712
17007,2137
17009,417
17011,1251
17013,275
17015,907
17017,793
17019,9577
17021,2208
17023,1186
17025,1408
17027,1716
17029,2998
17031,141733
17033,1429
17035,786
17039,956
17037,3706
17041,957
17043,28847
17045,1213
17047,572
17049,2480
17051,1502
17053,916
17055,3293
17057,1811
17059,367
17061,741
17063,2420
17065,585
17067,1297
17069,287
17071,289
17073,2437
17075,1680
17077,3449
17079,581
17081,2735
17083,1038
17085,785
17087,1045
17089,16261
17091,5618
17093,5075
17095,2434
17099,3881
17097,20810
17101,1092
17103,1007
17105,1594
17107,1469
17115,6084
17117,2919
17119,12427
17121,3052
17123,515
17125,805
17127,990
17109,1317
17111,11086
17113,7544
17129,705
17131,881
17133,1236
17135,1665
17137,1520
17139,1022
17141,2545
80017,-4
17143,6329
17145,1396
17147,872
17149,1092
17151,275
17153,405
17155,172
17157,1621
17159,1399
17161,6055
17165,1984
17167,9068
17169,439
17171,276
17173,1584
17163,10808
17175,262
17177,2499
17179,5763
90017,-41
17181,1033
17183,6923
17185,900
17187,834
17189,604
17191,1503
17193,1206
17195,2023
17197,25357
17199,5401
17201,14726
17203,1755
18001,1940
18003,25791
18005,4715
18007,657
18009,844
18011,3068
18013,728
18015,1025
18017,2294
18019,7147
18021,2016
18023,1946
18025,695
18027,2082
18033,3425
18029,3101
18031,1725
18035,5950
18037,2618
18039,11543
18041,1603
18043,4288
18045,1573
18047,1205
18049,1631
18051,2687
18053,4797
18055,1892
18057,15093
18059,4727
18061,2566
18063,8893
18065,3391
18067,6638
18069,3626
18071,2541
18073,2452
18075,1324
18077,2436
18079,2136
18081,9506
18083,3150
18085,4654
18087,1586
18091,5340
18089,18569
18093,3497
18095,8264
18097,45708
18099,3004
18101,645
18103,2712
18105,4651
18107,2711
18109,3762
18111,734
18113,3562
18115,356
18117,1442
18119,1525
18121,1016
18123,1028
18125,1124
18127,6717
18129,1333
18131,908
18133,2791
18135,1443
18137,2127
18139,1274
18143,2187
18145,3233
18147,1273
18141,13880
18149,1371
18151,2763
18153,1355
18155,678
18157,8108
18159,863
90018,0
18161,479
18163,12106
18165,1138
18167,6470
18169,2561
18171,519
18173,4300
18175,1474
18177,4935
18179,1834
18181,1587
18183,2546
19001,283
19003,237
19005,540
19007,778
19009,249
19011,1506
19013,6255
19015,1282
19017,1137
19019,1157
19021,783
19023,694
19025,619
19027,841
19029,963
19031,775
19033,2629
19035,530
19037,557
19039,618
19041,811
19043,761
19045,2242
19047,897
19049,4260
19051,439
19053,423
19055,870
19057,2603
19059,676
19061,5226
19063,457
19065,1020
19067,964
19069,674
19071,340
19073,502
19075,476
19077,480
19079,809
19081,687
19083,1000
19085,555
19087,1290
19089,428
19091,665
19093,399
19095,821
19097,875
19099,2074
19101,910
19103,5420
19105,1092
19107,556
19109,745
19111,2196
19113,11523
19115,493
19117,478
19119,492
19121,771
19123,1373
19125,1987
19127,1887
19129,598
19131,565
19133,404
19135,477
19137,593
19139,1946
19141,419
19143,272
19145,808
19147,386
19149,887
19151,355
19153,23364
19155,4902
19157,833
19159,223
19161,415
19163,7021
19165,664
19167,999
19169,3303
19171,712
19173,330
90019,5646
19175,644
19177,377
19179,2174
19181,2757
19183,1401
19185,315
19187,2224
19189,757
19191,621
19193,5436
19195,481
19197,840
20001,909
20003,356
20005,955
20007,237
20009,1729
20011,1233
20013,593
20015,4243
20017,151
20019,287
20021,1346
20023,115
20025,102
20027,550
20029,638
20031,636
20033,164
20035,2313
20037,2367
20039,165
20041,1403
20043,555
20045,3955
20047,181
20049,170
20051,1124
20053,253
20055,2065
20057,1679
20059,1518
20061,1656
20063,167
20065,75
20067,504
20069,379
20071,85
20073,499
20075,119
20077,411
20079,1934
20081,218
20083,46
20085,933
20087,1078
20089,353
20091,24654
20093,311
20095,546
20097,182
20099,1209
20101,72
20103,3951
20105,135
20107,870
20109,236
20111,1576
20115,802
20117,644
20113,1643
20119,236
20121,1907
20123,318
20125,2140
20127,252
20129,195
20131,679
20133,1152
20135,166
20137,374
20139,985
20141,209
20143,286
80020,0
20145,403
20147,270
20149,1269
20151,547
20153,233
20155,4032
20157,281
20159,498
20161,2007
20163,207
20165,125
20167,461
20169,2927
20171,299
20173,30384
20175,1123
20177,9938
20179,130
20181,446
20183,203
20185,398
20187,132
20189,431
20191,1345
20193,561
20195,115
90020,0
20197,307
20199,135
20201,368
20203,97
20205,650
20207,229
20209,8795
21001,1809
21003,1907
21005,2044
21007,350
21009,4107
21011,821
21013,2866
21015,8202
21017,1825
21019,4102
21021,2242
21023,662
21025,1124
21027,1869
21029,5621
21031,1045
21033,1081
21035,1826
21037,4946
21039,210
21041,1097
21043,2599
21045,1416
21047,3757
21049,2762
21051,2530
21053,835
21055,690
21057,647
21059,7638
21061,714
21063,438
21065,1350
21067,18394
21069,1137
21071,4155
21073,3576
21075,324
21077,647
21079,1445
21081,2311
21083,3326
21085,2914
21087,1297
21089,3335
21091,601
21093,9486
21095,2998
21097,1957
21099,1757
21101,3588
21103,1471
21105,213
21107,4534
21109,1539
21111,46666
21113,4081
21115,2003
21117,9392
21119,1389
21121,4067
21123,1172
21125,6596
21127,1435
21129,529
21131,1393
21133,2248
21135,1425
21137,2207
21139,650
21141,2418
21143,488
21151,7641
21153,1497
21155,1872
21157,2442
21159,1017
21161,1081
21145,4134
21147,1696
21149,699
21163,1569
21165,427
21167,2154
21169,978
21171,1115
21173,2149
21175,766
21177,2996
21179,3917
21181,725
21183,2168
21185,3175
21187,811
21189,544
21191,1148
21193,3788
21195,5744
21197,1576
21199,5010
21201,163
21203,1848
21205,1877
21207,2213
21209,4194
21211,2927
21213,1343
21215,1519
21217,2907
21219,764
21221,1035
21223,661
90021,0
21225,1237
21227,11113
21229,1061
21231,1237
21233,1291
21235,4319
21237,755
21239,1556
22001,4182
22003,1617
22005,9973
22007,1529
22009,3209
22011,3006
22013,856
22015,8370
22017,14270
22019,12613
22021,1197
22023,266
22025,639
22027,597
22029,1400
22031,2063
22033,25509
22035,531
22037,1369
22039,2333
22041,2303
22043,1767
22045,5651
22047,2087
22049,911
22051,24470
22053,1654
22059,1256
22055,16346
22057,8682
22061,2768
22063,11465
22065,706
22067,1739
22069,2680
22071,17679
22073,13891
80022,0
22075,1522
22077,1376
22079,9575
22081,544
22083,1971
22085,1634
22087,3032
22089,3614
22091,342
22093,1596
22095,2702
22097,5580
22099,3287
22101,3933
22103,18739
22105,10428
22107,204
22109,9638
90022,174
22111,1786
22113,5058
22115,3426
22117,3859
22119,2685
22121,1600
22123,944
22125,360
22127,1120
23001,5753
23003,3554
23005,8100
23007,1742
23009,2314
23011,5971
23013,1377
23015,1272
80023,0
23017,3082
23019,8471
23021,1128
23023,1131
23025,3376
90023,-1
23027,2002
23029,1522
23031,7252
24001,3685
24003,12883
24005,16631
24510,13243
24009,1837
24011,1237
24013,3656
24015,3425
24017,4416
24019,1711
24021,6392
24023,1805
24025,6149
24027,4738
24029,579
24031,15437
24033,18979
24035,1273
24039,908
24037,4559
24041,1045
90024,0
24043,7319
24045,4224
24047,1672
25001,6166
25003,4357
25005,22651
25009,26701
25011,1546
25013,19716
25015,3648
25017,39274
25021,15176
25023,16780
25025,22135
90025,20251
25027,29275
26001,616
26003,486
26005,7626
26007,1930
26009,1284
26011,1013
26013,700
26015,4042
26017,6646
26019,883
26021,7083
26023,3043
26025,8329
26027,2763
26029,1434
26031,1464
26033,2073
26035,2283
26037,5084
26039,800
26041,2708
26043,1926
26045,6358
26047,1662
26049,21532
26051,1539
26053,737
26055,4676
26057,3240
26059,3212
26061,2151
26063,1699
26065,12759
26067,4982
26069,1640
26071,689
26073,4489
26075,10813
26077,12978
26079,1069
26081,40912
26083,186
26085,597
26087,4847
26089,908
26091,6945
26093,12582
26095,497
26097,866
26099,45195
26101,1026
26103,3265
26105,2090
26107,2715
26109,1794
26111,4944
26113,670
26115,9190
26117,4961
26119,694
26121,11381
26123,3384
26125,56753
26127,1830
26129,1511
26131,234
26133,1747
26135,506
26137,1708
26139,18543
80026,867
26141,629
26143,1442
26145,11825
26151,1886
26153,634
26155,4985
26147,8843
26149,3973
26157,3389
90026,30
26159,4203
26161,13117
26163,72811
26165,1794
27001,894
27003,23459
27005,2548
27007,4321
27009,3474
27011,358
27013,4155
27015,1681
27017,2053
27019,6381
27021,2373
27023,685
27025,4176
27027,3995
27029,733
27031,152
27033,680
27035,4711
27037,22806
27039,1808
27041,3290
27043,1083
27045,1509
27047,2226
27049,3403
27051,450
27053,58203
27055,1045
27057,1743
27059,2949
27061,3625
27063,400
27065,1071
27067,3358
27069,250
27071,958
27073,473
27075,520
27077,210
27079,1753
27081,303
27083,1725
27087,523
27089,658
27091,1599
27085,2976
27093,1833
27095,2342
27097,2625
27099,2730
27101,467
27103,2026
27105,1189
27107,514
27109,9213
27111,4122
27113,978
27115,1914
27117,360
27119,2219
27121,1005
27123,23829
27125,321
27127,1109
27129,911
27131,3524
27133,513
27135,1114
27139,9031
27141,7634
27143,1117
27137,12091
27145,11693
27147,3052
27149,793
27151,692
27153,2158
27155,239
90027,141
27157,1714
27159,1511
27161,1377
27163,14266
27165,690
27167,410
27169,2625
27171,10263
27173,745
28001,2204
28003,2790
28005,871
28007,1245
28009,547
28011,1658
28013,1174
28015,534
28017,1096
28019,615
28021,323
28023,1230
28025,1282
28027,1307
28029,1613
28031,1786
28033,11949
28035,6165
28037,429
28039,2651
28041,947
28043,1187
28045,4080
28047,17185
28049,12438
28051,836
28053,368
28055,27
28057,1867
28059,11513
28061,1202
28063,318
28065,671
28067,5775
28069,492
28071,2713
28073,4472
28075,5061
28077,910
28079,1500
28081,6422
28083,1252
28085,1605
28087,4966
28089,4897
28091,1595
28093,2318
28095,2952
28097,556
28099,2711
28101,1487
28103,619
28105,2623
28107,2238
28109,5238
28111,875
28113,2653
28115,2815
28117,2273
28119,281
28121,8996
28123,1642
28125,152
28127,1619
28129,1075
28131,1849
28133,969
28135,549
28137,1456
28139,2059
28141,1604
28143,589
90028,0
28145,2329
28147,883
28149,2524
28151,2240
28153,1809
28155,917
28157,396
28159,911
28161,825
28163,1471
29001,1258
29003,1210
29005,361
29007,1384
29009,1714
29011,705
29013,1197
29015,1098
29017,809
29019,8411
29021,5527
29023,2881
29025,453
29027,3092
29029,2550
29031,4553
29033,443
29035,564
29037,6359
29039,768
29041,484
29043,5458
29045,448
29047,6434
29049,1196
29051,4703
29053,1045
29055,1246
29057,333
29059,1154
29061,428
29063,447
29065,1149
29067,869
29069,1829
29071,5129
29073,882
29075,642
29077,17416
29079,740
29081,373
29083,1586
29085,604
29087,264
29089,477
29091,2668
29093,579
29095,21753
29097,8018
29099,11810
29101,3050
29103,248
29105,2281
29107,1963
29109,2030
29111,828
29113,4364
29115,728
29117,1017
29121,791
29123,830
29125,447
29127,1891
29119,1365
29129,168
29131,1731
29133,929
29135,995
29137,435
29139,581
29141,1062
29143,1334
29145,2824
29147,1118
29149,647
29151,691
29153,566
29155,533
29157,1275
29159,2712
29161,2898
29163,1067
29165,2415
29167,2094
29169,2136
29171,388
29173,610
29175,1252
29177,1288
29179,392
29181,989
29195,1470
29197,129
29199,134
29201,2901
29203,524
29205,444
29183,17076
29185,539
29187,3940
29189,38125
29510,8680
29186,721
29207,2188
29209,1769
29211,437
29213,4060
29215,1420
90029,0
29217,1355
29219,2258
29221,1431
29223,692
29225,2419
29227,107
29229,1148
30001,666
30003,870
30005,657
30007,476
30009,688
30011,61
30013,7790
30015,276
30017,1191
30019,106
30021,686
30023,546
30025,248
30027,733
30029,9074
30031,7690
30033,80
30035,923
30037,65
30039,216
30041,1424
30043,819
30045,73
30047,2597
30049,5434
30051,149
30053,1940
30057,594
30055,122
30059,121
30061,496
30063,8425
30065,389
30067,1396
30069,12
30071,345
30073,343
30075,164
30077,519
30079,37
30081,2365
30083,724
30085,673
30087,550
30089,884
30091,122
30093,2118
30095,483
30097,200
30099,448
30101,285
30103,54
90030,0
30105,477
30107,94
30109,55
30111,14054
31001,1551
31003,258
31005,3
31007,35
31009,24
31011,225
31013,725
31015,110
31017,174
31019,2999
31021,233
31023,438
31025,1251
31027,279
31029,159
31031,126
31033,493
31035,353
31037,345
31039,346
31041,667
31043,1031
31045,385
31047,1213
31049,131
31051,241
31053,1803
31055,22829
31057,84
31059,242
31061,101
31063,222
31065,269
31067,485
31069,136
31071,148
31073,87
31075,45
31077,87
31079,2956
31081,521
31083,102
31085,27
31087,166
31089,578
31091,38
31093,247
31095,268
31097,98
31099,228
31101,362
31103,47
31105,168
31107,314
31109,14979
31111,2160
31113,26
31115,27
31119,2360
31117,27
31121,434
31123,414
31125,174
31127,337
31129,257
31131,777
31133,72
31135,114
31137,601
31139,293
31141,1778
31143,259
31145,613
31147,336
31149,55
31151,626
31153,8451
31155,1005
31157,2309
31159,682
31161,318
31163,232
31165,21
31167,173
31169,264
31171,18
31173,288
90031,537
31175,207
31177,875
31179,267
31181,154
31183,41
31185,782
32510,2906
32001,2167
32003,99986
32005,2192
32007,3919
32009,24
32011,129
32013,1390
32015,325
32017,299
32019,3846
32021,322
32023,1840
32027,217
32029,124
90032,0
32031,21816
32033,703
33001,3836
33003,2646
33005,3512
33007,2250
33009,3869
33011,19484
33013,7453
33015,13049
33017,6497
33019,3142
90033,343
34001,10343
34003,23285
34005,14752
34007,18028
34009,4337
34011,5593
34013,16591
34015,11367
34017,13159
34019,3479
34021,8416
34023,19404
34025,23678
34027,11882
34029,26824
34031,12796
34033,2573
34035,6999
34037,5335
90034,-301
34039,11786
34041,3567
35001,30162
35003,167
35005,4907
35006,1257
35007,865
35009,2819
35011,181
35013,11705
35015,4898
35017,2041
35019,283
35021,40
35023,272
35025,5772
35027,1758
35028,394
35029,1227
35031,4492
35033,232
35035,4490
35037,859
35039,2127
35041,1122
35045,12081
35047,1688
35043,6932
35049,4827
35051,565
35053,809
35055,1204
35057,956
90035,1093
35059,178
35061,4128
36001,10240
36003,2689
36005,34379
36007,10237
36009,4584
36011,3680
36013,6350
36015,5473
36017,2259
36019,3406
36021,1799
36023,2470
36025,2133
36027,9266
36029,38364
36031,1447
36033,2932
36035,3639
36037,3412
36039,1676
36041,210
36043,3318
36045,5720
36047,77103
36049,1646
36051,3032
36053,2980
36055,33659
36057,3112
36059,45530
36061,41605
36063,9586
36065,11304
36067,22161
36069,4554
36071,14919
36073,2562
36075,6949
36077,2058
80036,0
36079,2718
36081,56391
36083,6483
36085,19910
36087,9190
36091,9869
36093,6611
36095,1072
36097,916
36099,1311
36089,6452
36101,5932
36103,58097
36105,3188
36107,2766
36109,3263
36111,5546
90036,6
36113,3812
36115,3712
36117,4794
36119,20350
36121,1897
36123,844
37001,9636
37003,2451
37005,796
37007,1502
37009,1533
37011,768
37013,2932
37015,798
37017,2380
37019,7872
37021,12403
37023,6336
37025,12846
37027,4715
37029,574
37031,3665
37033,1162
37035,10187
37037,2421
37039,2250
37041,919
37043,974
37045,7626
37047,4017
37049,5405
37051,19735
37053,1495
37055,2043
37057,10678
37059,2740
37061,3966
37063,11091
37065,2688
37067,18833
37069,3649
37071,15547
37073,408
37075,779
37077,2396
37079,1101
37081,24114
37083,2537
37085,7729
37087,3547
37089,5982
37091,822
37093,2863
37095,192
37097,11884
37099,2332
37101,12550
37103,568
37105,3721
37107,3820
37109,5944
37113,2066
37115,1380
37117,1528
37111,3659
37119,52627
37121,758
37123,1384
37125,5236
37127,4298
37129,10513
37131,768
37133,13920
37135,3764
37137,644
37139,2218
37141,3870
37143,701
37145,2025
37147,11138
37149,975
37151,7812
37153,2729
37155,9215
37157,5644
37159,10483
37161,4552
37163,3739
37165,2138
37167,4475
37169,2714
37171,5046
37173,864
37175,1682
37177,262
90037,-1
37179,14131
37181,2193
37183,48526
37185,687
37187,588
37189,2384
37191,6588
37193,4549
37195,4017
37197,2406
37199,1436
38001,172
38003,667
38005,326
38007,54
38009,434
38011,259
38013,116
38015,8544
38017,11606
38019,132
38021,352
38023,140
38025,436
38027,89
38029,168
38031,114
38033,119
38035,3479
38037,150
38039,108
38041,213
38043,125
38045,206
38047,83
38049,370
38051,174
38053,1208
38055,800
38057,775
38059,2887
38061,791
38063,113
38065,82
38067,584
38069,288
38071,751
38073,328
38075,120
38077,818
38079,1202
38081,215
38083,96
38085,306
38087,23
38089,4007
38091,106
38093,1364
38095,124
38097,540
90038,0
38099,565
38101,4826
38103,258
38105,2842
69,687
39001,2188
39003,7102
39005,3676
39007,5692
39009,3126
39011,2943
39013,4505
39015,3166
39017,17909
39019,1637
39021,2424
39023,7856
39025,11145
39027,2733
39029,7864
39031,2946
39033,3190
39035,54279
39037,2961
39039,3104
39041,8380
39043,4681
39045,8221
39047,2052
39049,52411
39051,2884
39053,2309
39055,4092
39057,9141
39059,3706
39061,33047
39063,4457
39065,2115
39067,1004
39069,1595
39071,3143
39073,1889
39075,1365
39077,4236
39079,2626
39081,4049
39083,4205
39085,11175
39087,5001
39089,9951
39091,3102
39093,16553
39095,20442
39097,2104
39099,13955
39101,4641
39103,10258
39105,1594
39107,2060
39109,6437
39111,1035
39113,28602
39115,1040
39117,2269
39119,7709
39121,846
39123,1903
39125,1498
39127,2672
39129,3599
39131,2232
39133,8101
39135,2424
39137,1870
39139,9436
39141,4718
39143,3807
39145,5915
39147,3514
39149,2712
39151,20788
39153,23874
39155,10860
39157,5717
90039,0
39159,3755
39161,2170
39163,1023
39165,11346
39167,3504
39169,6770
39171,3001
39173,6772
39175,1389
40001,1825
40003,215
40005,947
40007,125
40009,854
40011,556
40013,3091
40015,1333
40017,6869
40019,3196
40021,3527
40023,1182
40025,129
40027,14089
40029,385
40031,7747
40033,328
40035,1155
40037,4658
40039,1218
40041,3007
40043,166
40045,162
40047,2730
40049,1292
40051,2514
40053,164
40055,196
40057,46
40059,114
40061,639
40063,552
40065,1057
40067,256
40069,628
40071,2504
40073,609
40075,367
40077,737
40079,2784
40081,1794
40083,2057
40085,535
40093,443
40095,790
40097,2798
40087,2388
40089,1939
40091,957
40099,678
40101,4481
40103,572
40105,698
40107,606
40109,36524
40111,2533
40113,2474
40115,2388
80040,0
40117,960
40119,3599
40121,2385
40123,1952
40125,4323
40127,836
40129,172
40131,5974
40133,1146
40135,2728
40137,2995
40139,759
40141,230
40143,36826
90040,4694
40145,5095
40147,3456
40149,532
40151,484
40153,868
41001,1279
41003,3180
41005,16277
41007,1662
41009,2646
41011,3632
41013,2346
41015,1285
41017,15441
41019,10222
41021,128
41023,592
41025,870
41027,977
41029,14370
41031,2067
41033,6914
41035,4991
41037,617
41039,17707
41041,2266
41043,10080
41045,2461
41047,18629
41049,883
41051,23459
41053,4612
41055,134
41057,1544
41059,7037
90041,0
41061,1952
41063,582
41065,1804
41067,17300
41069,88
41071,5468
42001,5519
42003,52159
42005,4641
42007,11052
42009,3342
42011,18566
42013,7969
42015,3548
42017,20430
42019,12000
42021,8659
42023,302
42025,3898
42027,6125
42029,16203
42031,2825
42033,4512
42035,2453
42037,3635
42039,6181
42041,11739
42043,13115
42045,15700
42047,1967
42049,15567
42051,7970
42053,339
42055,9276
42057,1348
42059,2502
42061,2613
42063,4884
42065,2885
42067,1243
42069,7654
42071,24912
42073,5355
42075,7430
42077,14552
42079,15401
42081,8003
42083,2314
42085,6602
42087,2952
42089,7817
42091,24627
42093,887
42095,13818
42097,5468
42099,2263
42101,42359
42103,2275
42105,1224
42107,8134
42109,1820
42111,4592
42113,247
42115,2101
42117,2637
90042,0
42119,2195
42121,4175
42123,2595
42125,12917
42127,2659
42129,18611
42131,1365
42133,25866
72001,143
72003,1001
72005,1279
72007,338
72009,283
72011,478
72013,1279
72015,119
72017,318
72019,378
72021,3749
72023,702
72025,2026
72027,423
72029,845
72031,3214
72033,487
72035,507
72037,177
72039,196
72041,507
72043,310
72045,218
72047,489
72049,14
72051,837
72053,588
72054,195
72055,151
72057,342
72059,179
72061,1761
72063,739
72065,612
72067,221
72069,754
72071,1085
72073,80
72075,443
72077,573
72079,273
72081,307
72083,123
72085,400
72087,384
72089,402
72091,556
72093,39
72095,131
72097,1635
72099,805
72101,348
72103,383
72105,408
72107,174
72888,167
72109,73
72111,183
72113,1868
72115,413
72117,307
72119,954
72121,276
72123,280
72125,381
72127,7679
72129,489
72131,658
72133,213
72135,1212
72137,1506
72139,1043
72999,563
72141,348
72143,787
72145,1196
72147,79
72149,170
72151,318
72153,299
44001,1488
44003,5996
44005,2739
44007,24980
90044,2839
44009,5535
45001,1400
45003,10420
45005,446
45007,14977
45009,627
45011,1397
45013,10949
45015,14215
45017,473
45019,23865
45021,4320
45023,2417
45025,2792
45027,1775
45029,2134
45031,3855
45033,2075
45035,16750
45037,1417
45039,953
45041,9555
45043,3216
45045,34169
45047,4830
45049,1228
45051,25034
45053,1668
45055,4841
45057,5977
45059,4693
45061,762
45063,22484
45067,2024
45069,1609
45065,388
45071,2749
45073,6499
45075,5147
45077,10025
45079,24169
45081,819
45083,22354
45085,6344
90045,0
45087,1753
45089,1672
45091,17499
46003,105
46005,530
46007,113
46009,190
46011,1182
46013,1745
46015,237
46017,39
46019,1010
46021,52
46023,534
46025,98
46027,402
46029,1390
46031,234
46033,624
46035,827
46037,160
46039,222
46041,570
46043,101
46045,155
46047,575
46049,69
46051,424
46053,200
46055,78
46057,286
46059,54
46061,83
46063,70
46065,868
46067,272
46069,74
46071,130
46073,38
46075,54
46077,148
46079,302
46081,1746
46083,2398
46085,163
46091,143
46087,196
46089,113
46093,2169
46095,83
46097,67
46099,8797
46101,209
46102,397
46103,8984
46105,108
46107,78
46109,307
46111,66
46115,236
46117,134
46119,47
46121,561
46123,162
46125,254
90046,0
46127,666
46129,190
46135,909
46137,120
47001,4790
47003,3033
47005,1315
47007,1442
47009,9123
47011,7739
47013,3403
47015,949
47017,2280
47019,4354
47021,2663
47023,1464
47025,2686
47027,453
47029,3110
47031,3982
47033,1379
47035,4855
47037,35299
47041,1511
47039,901
47043,3932
47045,2791
47047,2443
47049,1380
47051,3050
47053,4310
47055,2203
47057,1902
47059,6472
47061,1145
47063,4754
47065,21235
47067,680
47069,1672
47071,2126
47073,4823
47075,1214
47077,2122
47079,2411
47081,1927
47083,797
47085,1562
47087,797
47089,4032
47091,1564
47093,30560
47095,325
47097,2090
47099,3886
47101,991
47103,2497
47105,3362
47111,1958
47113,7004
47115,2779
47117,2826
47119,6441
47107,4292
47109,1999
47121,856
47123,4150
47125,13547
47127,456
47129,1445
47131,2347
80047,11366
47133,1913
47135,584
47137,364
47139,1203
47141,5767
47143,2771
47145,4108
47147,4657
47149,21041
47151,2598
47153,1380
47155,7376
47157,53024
47159,1485
47161,872
47163,11833
47165,11413
47167,4403
47169,741
90047,5200
47171,1229
47173,1521
47175,441
47177,3284
47179,8572
47181,1214
47183,2321
47185,2149
47187,13146
47189,9092
48001,2003
48003,1104
48005,5402
48007,1378
48009,512
48011,125
48013,2998
48015,1512
48017,202
48019,1071
48021,5110
48023,292
48025,1869
48027,17199
48029,109908
48031,544
48033,12
48035,794
48037,5992
48039,23574
48041,12680
48043,178
48045,78
48047,332
48049,2902
48051,926
48053,2818
48055,2977
48057,1628
48059,711
48061,26654
48063,812
48065,326
48067,2620
48069,402
48071,3923
48073,2736
48075,366
48077,568
48079,187
48081,223
48083,435
48085,43222
48087,103
48089,900
48091,9886
48093,820
48095,338
48097,1483
48099,3571
48101,51
48103,367
48105,218
48107,404
48109,45
48111,339
48113,114380
48115,473
48123,1083
48117,722
48119,322
48121,36418
48125,75
48127,1648
48129,233
48131,732
48133,872
48135,9358
48137,87
48141,26055
48139,11431
48143,2267
48145,524
48147,1588
48149,943
48151,140
48153,380
48155,61
48157,34768
48159,642
48161,902
48163,1257
48165,757
48167,26282
48169,260
48171,1106
48173,52
48175,225
48177,865
48179,1612
48181,5270
48183,8351
48185,1609
48187,10401
48189,2008
48191,114
48193,555
48195,263
48197,82
48199,4826
48201,193280
48203,4433
48205,306
48207,201
48209,13452
48211,130
48213,4116
48215,29314
48217,1391
48219,1631
48221,3384
48223,2407
48225,1249
48227,1238
48229,71
48231,5225
48233,1999
48235,67
48237,388
48239,972
48241,1647
48243,20
48245,12375
48247,297
48249,2980
48251,9601
48253,606
48255,2123
48257,8367
48259,2012
48261,23
48263,19
48265,2645
48267,183
48269,11
48271,171
48273,1735
48275,109
48283,331
48277,3171
48279,754
48281,1427
48285,751
48287,808
48289,864
48291,5342
48293,902
48295,110
48297,629
48299,1037
48301,6
48303,18966
48305,248
48313,559
48315,653
48317,220
48319,183
48321,2160
48323,2532
48307,380
48309,16051
48311,35
48325,2082
48327,135
48329,9441
48331,1282
48333,201
48335,402
48337,1064
48339,36860
48341,1193
48343,808
48345,57
48347,3398
48349,3129
48351,335
48353,1003
48355,23931
48357,459
48359,111
48361,5450
48363,1957
48365,1388
48367,9229
48369,313
48371,707
48373,2748
48375,7447
48377,97
48379,738
48381,8811
48383,234
48385,264
48387,734
48389,1980
48391,545
48393,45
48395,859
48397,6410
48399,452
48401,4231
48403,445
48405,331
48407,1646
48409,2880
48411,212
48413,126
48415,1097
48417,241
48419,1286
48421,82
48423,17074
48425,431
48427,2278
48429,488
48431,71
48433,77
48435,157
48437,664
48439,113631
48441,7864
48443,32
48445,555
48447,67
48449,2108
48451,6828
48453,39938
48455,895
48457,1173
90048,0
48459,2650
48461,256
48463,2828
48465,2856
48467,3985
48469,4507
48471,3029
48473,2506
48475,812
48477,1817
48479,13509
48481,2205
48483,269
48485,7356
48487,521
48489,1917
48491,33369
48493,3216
48495,565
48497,4285
48499,3251
48501,420
48503,831
48505,453
48507,703
49011,23012
49035,62818
49037,818
49043,2010
49045,6176
90049,733
49049,40516
49051,2074
50001,824
50003,2195
50005,1542
50007,5760
50009,479
50011,2150
50013,222
50015,826
50017,989
50019,2260
50021,3356
90050,30
50023,2507
50025,1516
50027,2326
78,4373
51001,1408
51003,2805
51510,3149
51005,940
51007,682
51009,1613
51011,936
51013,4394
51015,4979
51017,242
51019,4162
51021,457
51023,1655
51520,939
51025,555
51027,1415
51029,617
51530,526
51031,3191
51033,1726
51035,1726
51036,244
51037,532
51540,1510
51550,9136
51041,14263
51043,553
51570,1007
51580,191
51045,341
51047,2391
51049,272
51590,2134
51051,1035
51053,1378
51595,173
51057,570
51059,19120
51600,551
51610,293
51061,2887
51063,712
51065,1044
51067,2476
51620,545
51069,4613
51630,1101
51640,471
51071,1151
51073,1840
51075,753
51077,843
51079,1103
51081,395
51083,1344
51650,5250
51085,4500
51660,2039
51087,10907
51089,2548
51091,86
51670,1177
51093,1513
51095,2876
51099,1200
51101,919
51097,283
51103,375
51105,1501
51678,458
51107,8576
51109,1582
51111,443
51680,4400
51113,497
51683,975
51685,71
51690,635
51115,324
51117,1309
51119,417
51121,2868
51125,565
51127,1122
51700,7431
51710,7754
51131,383
51133,510
51720,373
51135,764
51137,1866
51139,1598
51141,945
51730,1323
51143,2985
51735,502
51740,4138
51145,1064
51147,876
51149,1806
51153,12491
51155,1810
51750,940
51157,289
51159,215
51760,8250
51161,4531
51770,4476
51163,773
51165,3108
51167,1889
51775,1632
51169,1617
51171,2654
51173,2297
51175,474
51177,6453
51179,5865
51790,1040
51800,3423
51181,212
51183,390
51185,2508
90051,0
51810,16050
51187,2512
51191,3275
51820,1428
51193,724
51830,456
51840,978
51195,2763
51197,2205
51199,2012
53001,1261
53003,1608
53005,15627
53007,5525
53009,4056
53011,22483
53013,272
53015,8651
53017,3070
53019,545
53021,8494
53023,138
53025,8317
53027,5619
53029,2799
53031,845
53033,70779
53035,10546
53037,2465
53039,1544
53041,6605
53043,1024
53045,3792
53047,3154
53049,1000
53051,933
53053,49526
53055,260
53057,7423
53059,537
53061,36052
53063,35798
53065,3295
53067,13853
90053,-23
53069,194
53071,4256
53073,9854
53075,1844
53077,15735
54001,1563
54003,8192
54005,2016
54007,1495
54009,1185
54011,7451
54013,789
54015,920
54017,867
54019,3421
54021,675
54023,1170
54025,2490
54027,1901
54029,1834
54031,1191
54033,6674
54035,2250
54037,2925
54039,11967
54041,2144
54043,1782
54045,2700
54049,4661
54051,2341
54053,1955
54047,1618
54055,4952
54057,2130
54059,2444
54061,5245
54063,1142
54065,1217
54067,2690
54069,2523
54071,534
54073,620
54075,601
54077,2997
54079,4719
54081,5799
54083,2972
54085,862
54087,1190
54089,738
54091,1379
54093,710
54095,764
90054,0
54097,2606
54099,2994
54101,922
54103,1494
54105,524
54107,6428
54109,1923
55001,1174
55003,764
55005,3692
55007,755
55009,16988
55011,886
55013,1203
55015,3155
55017,4841
55019,1853
55021,3142
55023,895
55025,16776
55027,5288
55029,1372
55031,2583
55033,3398
55035,6716
55037,211
55039,6632
55041,667
55043,2796
55045,1823
55047,1390
55049,978
55051,274
55053,1126
55055,3941
55057,1690
55059,8321
55061,1390
55063,6113
55065,713
55067,1401
55069,1617
55071,4886
55073,8903
55075,3519
55077,1074
55078,193
55079,46638
55081,2906
55083,2992
55085,2010
55087,11341
55089,4506
55091,440
55093,2625
55095,3815
55097,3684
55099,869
55101,10344
55103,1128
55105,7088
55107,1076
55111,3599
55113,1446
55115,2623
55117,6276
55109,6639
55119,1369
55121,1933
90055,0
55123,1542
55125,1057
55127,5155
55129,1241
55131,8826
55133,21123
55135,3372
55137,1614
55139,10014
55141,5144
56001,2579
56003,995
56005,4404
56007,1497
56009,1328
56011,566
56013,4264
56015,1438
56017,521
56019,640
56021,8457
56023,1576
56025,8322
56027,340
56029,2770
56031,915
56033,2714
56035,710
56037,3887
56039,1658
56041,1864
90056,0
56043,959
56045,543
